,a,b
0,-2.108708732483635,-0.0989698086696676
1,0.7119923340752113,-2.4814148257040216
2,2.6102727292835968,-1.4935726226854853
3,-1.0487791286662502,-0.6123944841625072
4,-0.882966771177492,0.3218549568897531
5,0.7385084430827757,-0.8930062473878323
6,-0.8166012461226982,-0.42087306966900284
7,0.2618828109224198,0.75872026579815
8,-0.4180806377014767,-0.7483669351934215
9,-0.47813687258556997,-1.3561570091748654
10,-2.2830386286004454,0.7930164838385849
11,0.7427065374549242,-1.748248582440129
12,0.21034974103872317,0.5697405302888214
13,-1.1353039962718563,0.27784072537752463
14,0.0572293150108516,-0.1204179150280979
15,0.00419182480400756,-1.4736132594233922
16,0.662584809380863,-2.2415623525349346
17,0.5052666822272808,0.6931971203728493
18,-0.24627177892621477,-0.13036661112370626
19,-0.26158402511416323,-0.5990620532397037
20,-0.24998375141261298,0.021681950372941825
21,-0.655733346351333,0.5607755491267442
22,-2.5112081044221903,0.3676751929859492
23,1.3980466865416987,0.11017079177471084
24,-0.7700989483045866,-0.4083604558016561
25,-0.45808228654428945,0.23290479112713644
26,-1.474395923952068,-0.23310380072107503
27,0.45508421828008827,-1.3691573204104355
28,-1.5136045242013578,0.16352905122790906
29,-1.9729025729820477,-1.6951377563956065
30,-0.43030248519405184,0.32003332320696626
31,-0.25002700259068894,0.8545668480852705
32,-0.004712906915744222,-0.9374612605606849
33,1.3348626644060766,-2.0894055510813643
34,0.035896244944824775,-0.9746187419610524
35,-0.7957261476416038,0.7346358964376528
36,0.740301499165685,0.26373625008056795
37,-2.177273816389072,-1.2860756691911341
38,-1.258336815404952,1.1167115571998163
39,0.002832375145213922,-0.995972840740678
40,-1.0995519471804354,1.2503427676550838
41,0.164701962865461,-1.2137936007115906
42,-0.567471871771408,0.8214361734669414
43,-0.8701515441246988,-0.9515544012200218
44,-0.7097456861387362,0.3504789792190075
45,-0.030148166690478147,-0.9072585261228661
46,-0.9823698094465728,0.5153005139115572
47,-1.4670837140572985,0.7154057995618649
48,0.07163581233577974,0.10948888200904466
49,0.04526561756256169,-0.6967409281123716
50,-0.29078272084506146,-0.3158336577956261
51,-2.076292952352056,0.36990128320042975
52,-0.26189792977917636,1.3645326205802124
53,1.1072589731144333,0.03206915905746436
54,1.0059674756365364,-0.7686840035917762
55,-0.42391971376725956,-1.1309259635785904
56,-0.7518730955757745,-0.20416677575771722
57,-1.0941947582880622,-0.6888041769125867
58,-1.5883554110679932,0.933849137877675
59,1.1365897546261812,-2.1128149194799435
60,0.2605001895224477,0.5642896939292066
61,0.9362143032985446,1.6923741831087087
62,-1.094721546977307,-1.0670535328860646
63,-0.07933998262466285,0.5097109891276379
64,-0.8837954649093849,-1.4795963236496472
65,-0.37019833388151135,0.24215620183423878
66,-0.15901232679954302,-2.6574336119830484
67,1.0469936149071255,-1.5122478550423009
68,-0.07092474116703781,0.09143900694880427
69,-1.3898508302549413,-0.23079889742128157
70,-1.7051527330750276,1.2219894033576373
71,0.12644970066067535,-1.0902111351844255
72,-1.5718606710920937,0.7108376535689513
73,-0.14172032181516164,-0.5935559177607607
74,1.2277116119824787,-0.8775505981541039
75,0.5162172193211665,0.6075449018869191
76,-1.2149825375401462,1.119964765726879
77,-0.0518781510983851,0.8721303224624306
78,-0.21562644767788255,2.3507365106938494
79,0.25226687788848606,-0.1690821624464717
80,-0.04454357122834834,1.9378353345375
81,0.760045320322761,-0.2319499079781771
82,-0.2785674837580713,1.6194830448064543
83,-0.8325582085316762,1.4898283412318303
84,2.536507154962777,-0.615159053440484
85,0.9139656793193446,0.7353391349634183
86,-0.4382402915099734,-1.0693960715824942
87,1.5918982204762402,-0.054404725817106654
88,1.436878150084726,0.23545653298653504
89,1.3634930544130073,-1.3390402084437933
90,-0.04372494164085668,-0.8731625828983459
91,0.25443511444507083,0.041654650102654796
92,0.7341135779955779,1.8596183589474016
93,2.379119812379487,0.6432620778960554
94,0.8517965473920048,-0.8675192933207112
95,0.38638545827478143,0.7896729154168435
96,0.7402952726643498,0.12279377267548924
97,1.1750612105840015,0.03755528826259071
98,0.060923714932449774,-1.7721476264746843
99,2.258688673903238,1.2941430412494923
100,0.055334554704018324,-0.5774207502199223
101,0.7496900077232015,2.364018348233145
102,1.068910362379188,0.8861447770374984
103,-0.3967165604547946,-0.26011107845327264
104,0.1615310511314743,0.685961950523438
105,0.8227465344798175,-0.7442631275577729
106,0.6129971063854721,0.22817329883226423
107,0.20724165051478735,-0.3294011597958389
108,-0.05812957851178654,0.1663229106990324
109,0.5294966604700689,0.8509056331428253
110,-1.7115745400125335,-0.08974769752782498
111,-0.36318213028146923,1.6037987865078793
112,0.2502513607224851,0.9589029442995293
113,0.2629830706968415,-0.6208279158528814
114,0.7938462651142089,-0.2083441232798651
115,-2.3414072061795377,-0.5014870936308018
116,-0.41262973235547584,-1.3793261920712898
117,-0.015682451690735667,-0.6848348573749173
118,0.146371313244618,0.42288786838308384
119,-0.8869004778690585,-0.3436693774057258
120,0.38442859306946064,-1.19108272082786
121,0.1381202425829279,1.5458608099621625
122,0.7122809652566311,-0.14259941183480448
123,-0.4108231342013454,-0.007724175777756589
124,-1.4730097772333928,1.1129342528948751
125,-0.7103492253586173,-0.9332417404954736
126,0.2835053399134309,-0.25365400479469996
127,-1.607555841253826,-1.3818829145713165
128,-0.2519462974891879,0.7306514176800623
129,0.9029554172825717,1.1851866083437825
130,0.3697179369057253,0.8902009230715459
131,0.29533935225054825,0.03452652504356716
132,0.9586855988575266,0.33373668790521177
133,0.192567339860388,-1.2785443067744946
134,2.3054280669093874,-0.9053043625722621
135,1.4183301830209891,0.6423055217825222
136,0.7825022699572066,-0.7491203645237002
137,-0.4486881280933923,-1.1295808142091142
138,-0.7626111453343547,-0.8979349472512902
139,-0.5236339785372031,1.1528538453732307
140,0.5977497425412284,-0.9262789665800002
141,-0.6669913363454633,0.2853944204288981
142,-1.308279574363531,1.0931801705193245
143,0.0691783057947357,0.0033484030826709745
144,1.1864405060306955,-0.9311723072587041
145,0.28945163118836986,-1.8867162129183936
146,0.06531252405182325,-0.23695556048256353
147,-0.3824593379326194,-0.08142346405657731
148,-0.03331422214534967,-1.5756186642099417
149,-0.9031792778345998,-2.0760774418546624
150,1.1274860027015505,0.34406412460223923
151,-1.5311426622283677,-0.6151658568421949
152,0.9046729371912157,-1.2277806442519057
153,-0.7738723882808622,1.6701643998521165
154,2.049306224848467,1.280658361312742
155,-0.8424785058255072,-0.9654799759632046
156,-2.7271264295773467,-1.1912767923735805
157,-0.4242827628544663,1.3211089837603682
158,2.5799188600928544,0.41076722671779203
159,0.5146872631877419,-0.06356238148672337
160,-0.7985909664800419,-0.3713726177804216
161,-1.5855432946670474,-0.29295089387351525
162,2.02324766077198,-1.2931534389564938
163,-0.22615356450357837,-0.0023078506538246964
164,-0.28363829593046586,-1.385283802278791
165,-0.05479393343394889,1.2238204453884773
166,0.35210134058397263,-0.42152249659080915
167,-0.1321025703145403,-1.2035717117982876
168,0.0930089271659916,0.36470011011787085
169,-1.6993596145005205,0.48822524281878527
170,-0.2983658362885284,0.3921991613913158
171,0.6196902575019103,1.228373978352931
172,0.3239107653833153,-0.3799919073118694
173,2.016418033180904,0.2751188058899095
174,0.96147369475083,-1.2817983632058287
175,0.07491540017686787,0.8474956512568512
176,0.7201363598760354,-0.04787960043086505
177,0.6193624967208924,0.19663199081796792
178,-0.5789289916370224,0.74812271947672
179,0.9227718055834224,0.12402339546194893
180,-0.44740945457761716,-1.2788193209607888
181,1.5140624296172025,-0.4448046246929368
182,-0.5913702219838912,0.3995986387361638
183,-0.1980968910074753,-0.5955215473920089
184,-0.2800922953012111,-1.3978848755572295
185,-0.6860292599734074,-0.6650725819775902
186,0.5475406475905625,-0.248850143535686
187,1.9745896939025305,1.5317104877588263
188,-0.3632572137650366,-0.4233487098997082
189,-0.03147245129213874,0.38726953618608345
190,1.1432463167045535,-0.7891986809728277
191,1.0131448226988689,-0.7369439667933867
192,-1.2044289332122764,-0.4039880438206123
193,-0.9981710941704176,0.2188313267550798
194,0.8734137619105973,-0.7414537362201105
195,-1.0745512072008387,-0.09567742866647994
196,1.4054085211208533,0.30864119495416814
197,1.007998152415235,-0.49701464276836
198,2.087627780109979,-0.8882139866978332
199,0.9236494844379339,0.2669505186194762
200,1.4174427151079363,2.027432968128841
201,-0.4553072993696767,-0.9249842908865618
202,0.45551831640901536,2.8863287458942324
203,0.2709516408243307,1.1670262379582206
204,-1.0171357278023192,0.004775690606675979
205,-0.03716523530942262,-0.30274978925022406
206,0.3080774946252611,-0.5808365058499895
207,1.9357049872334935,1.3397810032752804
208,0.09811010100122101,-0.49200752869109865
209,0.4943577208009016,0.7358169541080765
210,-2.1142696175630946,-0.49509556165432606
211,0.29455241125608983,0.9989405872208051
212,-0.03287238709258119,-0.36954096699638966
213,-1.1178035975129208,-0.16021643990283463
214,-0.16970719300504422,0.3056088886939993
215,1.884318596733741,-0.8928905344387006
216,1.7494774061969747,-0.6860296212904802
217,0.2419477428501775,0.9643340892280935
218,0.5335643761141067,-0.010832994360979061
219,0.7425239631607251,0.03069496814720567
220,0.8100607606747786,-1.377324814591376
221,1.302558066223426,-0.17228380121232792
222,-0.6617778483578317,-0.5569188595195769
223,0.3466720853331311,0.27514609342928503
224,-1.4471213156023064,0.47128670011887797
225,-1.0745048062636482,0.5827177208418929
226,0.780082966412554,0.4839168913846432
227,0.43509483917784225,-0.8303868613863886
228,0.17046751180440223,-1.4509805199036465
229,0.9150371578224769,-0.2893050114025656
230,-1.0330027502447536,0.44150901743178
231,1.2926495982279216,0.08383164377086114
232,0.014060733859155754,0.07434230228087169
233,0.7799050781667892,-0.9990047315512417
234,-0.6398635386888518,0.8886979015957264
235,0.29920417222674545,0.34940680899813703
236,1.7236634654924654,1.433634778460341
237,0.08095342416127568,1.412345806473498
238,-0.18485367234690986,-0.08366002716494907
239,0.2701413524368235,1.0227249108658722
240,-1.6576257767389138,0.06975429507280977
241,0.7453168993504072,-0.9596103707676588
242,-1.0987255768493744,0.3721249509529122
243,-0.3155743639962114,1.4803977425289545
244,0.5378274815301506,-0.034478249130470234
245,0.241275167704944,0.3284528351341199
246,-0.39104869451017643,0.8759820136661822
247,-0.6237183414028868,-0.08745738800373254
248,0.22001392308289375,1.7597154888353306
249,0.11503963951686595,1.0712201087762683
250,-1.3185993717376936,0.7115144884874489
251,-0.6259399600332384,0.16875027747564914
252,0.6106799113273194,1.7616856849262879
253,-0.9208523513150483,0.16722356775805544
254,-0.33320677626007367,-0.5672643427260793
255,-1.307381555776917,-1.142546362392249
256,2.0785582981654374,-2.3040313189658046
257,-0.5710598697421728,-0.5294188623926042
258,-1.271149569443738,1.7052113411124215
259,-1.010584687120667,-0.5098960360278156
260,-0.15889022570920494,0.20062924534373505
261,0.02126802433731098,0.9673967530517533
262,-1.21653114839684,-0.6201748417905303
263,-0.5365691956083944,0.4945926809935967
264,-0.0607332184395142,0.6172526051835263
265,0.23458371426303473,1.1216719166307854
266,0.8017798895526298,0.10511004830061786
267,0.5479250810693843,0.07198661170899141
268,-0.20875353425508975,2.119173104323907
269,0.9288869176886951,-1.6018654028817052
270,2.6373939755496254,-0.6783470003845337
271,0.37839532332865516,-1.1503862030088623
272,0.6522879253895273,-0.527086439845324
273,-1.2090197147888133,0.7305813021086273
274,-1.1540099480487265,1.0855191597664329
275,1.3220335654728927,0.07975900027314167
276,0.5758152501188413,0.11799889195855616
277,1.3731784953184878,0.8628663833780718
278,0.058982704601864486,-0.5583930694624812
279,0.16165997507306476,-1.2430849468170966
280,-1.269899086970423,-0.8950864981628447
281,-0.7793754877076122,1.1707156181015865
282,0.9562680145142142,1.4229692440970887
283,0.26259744197802104,-1.6702415553326753
284,0.22502854961097996,0.39740479862584693
285,1.9143357918856956,0.8662421040100922
286,1.4813755697520146,0.17259055452705477
287,0.7425723313835455,-1.3150607693420615
288,0.32575152667613977,-0.3536225808382239
289,0.3274991805374762,-0.9261836133665775
290,-2.622761619354814,2.415527953938567
291,0.5009918630801169,-1.2191130661184468
292,-0.36911068744593933,0.1542599392571773
293,-0.7734570035906841,-1.058597125379873
294,0.5108145049373479,0.1695830657404183
295,0.6494180788413558,2.0322006431285544
296,-0.5052060673046626,1.1804747853099535
297,-0.14159052470656316,2.6287525166183534
298,-0.1089253302339798,-1.0438009737118208
299,-0.7459909347973062,0.5557340382121998
300,0.4223261857568181,-0.08339271909850413
301,0.2835966154118932,-1.1057214495258278
302,-2.3078210502885734,-0.49672993315189307
303,0.755217678099564,-0.9682763165938237
304,-0.060271014825814144,1.3212827517733472
305,-0.3277425912695877,-0.4212525519943108
306,1.60888404163752,-0.4636365023739898
307,0.8152504603533104,-0.9518597344696125
308,0.11333792000759939,0.5892865358786386
309,0.6951610810624187,-1.109377607355141
310,-0.6313713876146128,-0.9089996868737498
311,-1.1496239967250754,-0.10516758515694402
312,0.28042986616006277,-1.0300869606385574
313,0.10724275538992638,1.9809541444326186
314,1.231057243212151,-1.9507993773564887
315,1.0087193101085383,-2.128035161644606
316,0.6439664154722777,-0.4578681211846339
317,-1.3503440942128675,0.16433039935498603
318,-1.384923355604361,-1.4784222548892154
319,-0.08243704914586816,-1.4176042385039722
320,-0.38894261649453626,3.213028879700885
321,-0.809736879622772,0.5093177095686552
322,-1.3761758075470336,0.6061280675890522
323,-0.6140631728553076,1.3522151843409476
324,0.9143498068017576,0.9052089565433029
325,2.314058237162782,0.003205431023882194
326,0.056897843649930446,1.4775389740167297
327,0.357276521285447,-0.38618584049413907
328,0.2582846764815273,1.9348762674923619
329,-0.21480177290422497,-0.578385486963523
330,0.0522858678002361,1.6829027895213446
331,1.04233981604411,-0.05484527760534308
332,1.188061981082251,-1.0770389458459664
333,-0.6708794591295288,-0.409007694472245
334,0.29666901132922685,0.0837475880284022
335,-2.9698954624549683,-0.17719989375438966
336,2.2897222899083336,1.590968583918259
337,0.6827324273466273,-0.6463204724069351
338,-0.5955057329425371,-1.5135159676264478
339,0.12557300274788435,-0.6893817082500635
340,-0.09506961698480353,-0.8188955841762501
341,1.2727649106027137,-0.3781540189880281
342,-0.8185355442615018,0.6075960481625916
343,-0.09877294936874889,0.010246636448214776
344,-1.2557116972523332,-0.14648007030962745
345,0.10721424915058117,0.7055487509715812
346,-0.3825764473913632,-0.34156803542964953
347,1.9060573501801383,-0.40750067903902437
348,1.040566796274933,1.7358489270765343
349,1.7945461677469894,-0.4354201632024911
350,-0.7593908469495954,0.21710263940445185
351,0.04214575923657415,0.7226828455389227
352,-0.47841681928633967,0.332500386237453
353,0.19360680665092553,-0.3648765386416246
354,-1.7873107811006514,1.3314533527475254
355,-0.23127694577810257,1.030543107099594
356,1.777729622002328,1.548934778069497
357,0.5847944377452878,0.01696578952907854
358,0.8573824511996831,2.1212839058579473
359,0.9686284268517289,-0.4411433152924058
360,-2.1687034605690574,0.8130591522561662
361,-1.148030076238564,-0.03674809660244238
362,0.25045723939382813,0.5679824260822368
363,-0.8417929840330267,-1.0062130263275355
364,0.292430408467615,0.12004191728155865
365,0.41065211702907306,0.26383748166407955
366,1.4439856777267195,-1.6121401956005386
367,0.4380739269768143,0.016573223971470822
368,-0.3509111421781272,-0.45845226578777293
369,-0.6919596474484939,0.03082889500936854
370,-1.1598665860502877,-0.6631517232604823
371,1.8680910743066335,-0.16722164974280995
372,-1.7825624559216886,0.39204997008318193
373,-2.3780185315737903,1.085894809310791
374,2.0900934615124607,-0.17669563904073943
375,-1.9430612163398024,-0.24388854945447022
376,-0.7844058012842051,-0.057543843262893156
377,-0.33299362092359974,1.079740026140022
378,-0.13507470132971258,1.1604499109957607
379,1.0833740131886573,0.33068739576865924
380,0.7692412507681655,1.8248226777024754
381,-0.8780521809522187,-1.3145447819054703
382,1.7791827470585593,-1.9474281791104369
383,-1.6291904103808366,-0.14030615889506026
384,-1.118333620889456,-0.35292919503363956
385,-1.2382036356364086,0.16432057162567673
386,-1.2020931450818346,0.31898561235255013
387,-1.3795033512033683,0.9019397591862636
388,1.8609815605981082,0.2994531162968946
389,0.26697616564121684,-0.6869346655235191
390,-1.0975068625631894,0.21395954383815077
391,-0.5524088140033699,1.1131913070782837
392,1.3831588328328643,-0.3204502273156882
393,-1.0736397103915334,0.1321307650887475
394,0.7881222323177307,-1.2413045572783934
395,1.3616035477717447,-0.6413445243155133
396,1.1494322695563493,1.2853050828713366
397,0.7580702311671812,0.7707325039718698
398,-0.6313484155536453,-0.3114873275871132
399,0.13669395959788808,-1.4449036414941805
400,-2.1809162286243646,-1.0425592432401802
401,0.5707504983921169,1.2930055453057765
402,-0.4878354711411272,-0.6475303161663762
403,0.38060823694909895,-0.6308566189722401
404,-0.5584134886614115,-0.037382541419048725
405,1.594699657462208,0.28770885587210826
406,-0.23583557708633288,0.47329521895666654
407,-0.5398803301599787,0.6336685857608367
408,-0.09893405319852604,-2.4039810832271
409,-1.1191416663234577,0.584876887808766
410,0.028195205080531666,0.8484372059250533
411,-0.9381186835572907,-0.7597165935606228
412,-0.33788534931750025,-0.231588947047361
413,-0.42060098939143187,-0.791168341612346
414,-0.6949699090235528,0.4649608572863138
415,-0.10364527713311063,-0.12458431233256291
416,-1.5454502715536687,0.723436549894409
417,0.4172610616216472,-0.44193035887413706
418,-1.6982645591934786,0.01585509536801126
419,0.17938395578528563,0.747731928737588
420,0.8289519805535317,-0.5121934857422573
421,1.0452190492186761,0.911473714109339
422,-0.03633202585335845,0.33383287001409195
423,1.8011914108925193,1.1550263320559406
424,-0.44654951331567894,-2.264997614229829
425,1.4592202943158652,-0.8429863903046177
426,-0.12969523386979867,0.5231852450734181
427,0.13604683684558877,-0.8361862719346679
428,0.5216273930951787,0.7902047712521478
429,-0.22792602483494895,0.6256112875178512
430,-1.1692139589146244,-0.2971739144411169
431,-1.152728803056549,0.5910220743699515
432,-0.44096033464546847,-0.9967989401384009
433,-0.1716765273209965,0.4325263524857437
434,0.7927718205466359,-0.4504548959416798
435,0.19866377886687575,0.4089092254662929
436,0.13231239956952034,-1.6042355218945563
437,1.7720254141590364,-0.48126055557257086
438,1.0526517340349804,-0.2735974763404341
439,1.4546886490174915,-1.2416198938552325
440,-1.6071451472429168,0.032476535123995
441,1.0490244189536941,-0.6684313567505911
442,-0.2114603761860168,-0.42167280141139785
443,0.5190409487866848,-1.6161993035859723
444,-1.8750908451519364,-1.3944241378662237
445,0.4713686715697426,-0.1038540673481705
446,0.40191408316461164,-1.3880042746758186
447,0.8942410509556179,0.5973665142162288
448,0.034346914865901884,-1.2180194145300485
449,-1.9076233994952054,1.939451392008066
450,0.8711124956188476,1.949698879129072
451,0.4628707370439436,1.1341993663175778
452,0.28084712460348465,0.7711299299789562
453,0.5217910365794008,0.021806259423893182
454,-1.0587093090806243,-0.9582417140989098
455,-0.25445351508186265,0.5784723442466834
456,0.7109581430428005,0.6414870781088364
457,0.18423985955037497,0.1916310182661555
458,0.08901744185600999,-0.7613259161886452
459,-0.7934888737970782,0.2997910715573213
460,-0.2948737089358881,-0.3010958049264106
461,-0.49739035923447883,-0.35256540469272873
462,-1.1946591448280897,-0.17277175269324888
463,0.21444494821739896,-1.3785033456252451
464,1.3791573060984392,0.2876229124191431
465,-0.8490734508194869,-0.05915695547563123
466,-0.5499416588238368,0.18633552731160644
467,1.1822776093331873,0.25513720150946456
468,0.6192507464344784,-0.04681949246282166
469,0.013707854257499841,0.25285722524236603
470,-0.14467753959553606,1.057724808551803
471,0.283355668092665,0.32864165051135386
472,0.2915278454258155,0.9793172233014774
473,0.866018008459211,0.22283313832354154
474,-0.7950341689439681,1.2367363133254166
475,-0.20809967756191602,0.2591470014021315
476,1.2812055877387707,-0.3074389379690251
477,0.33276834711217274,-1.1667894599128255
478,-0.05215395844532015,-0.31184164110070145
479,-0.13092115688692327,-0.36905752950739895
480,0.29197765856399627,0.9036071027951595
481,-1.3886843520893575,1.0744421224792189
482,-0.9365223331867667,0.06574136958578762
483,-1.8172900456883927,-1.0926039769580314
484,0.7787754708492837,-0.5880735162844382
485,-2.313081811617409,-0.3275061171291953
486,0.42894777466868944,2.6426533065725115
487,-0.5689921898400946,-1.0585381058537457
488,-1.3713454657787423,-0.9810398413697391
489,0.08285065547305306,-0.6272470930743114
490,-0.7755066646371767,2.303046080374735
491,-0.5849477184410748,-1.862057841060317
492,-1.1036917751492474,0.46874217936308193
493,0.7891917594981205,-0.9858246952414164
494,1.2738525574502644,0.9592401868242786
495,-0.06506290061648891,1.9415866550764092
496,-0.9574059128521066,-0.7627019872680515
497,-0.03931562854031943,-0.2914829395396298
498,1.8804291764669125,0.057681970040751145
499,-0.8396198474987272,-0.8662986448217032
500,-0.3664041057335573,0.3108018805143191
501,-0.7040570670380717,-0.46475696205354927
502,1.3802819212364095,-1.6492626384627211
503,1.474500503300475,-1.9064230973159493
504,-1.7892965600257764,0.7381420740981114
505,-0.04452422411257762,1.605699255505335
506,-0.11227571661424643,-0.48481554142753125
507,0.1853795885852811,-0.0272197589015349
508,-0.5967555539094718,0.378807768131353
509,-1.6779301906960435,0.19579162938170247
510,1.2766082300333632,-0.3554741049598307
511,-0.22176541331274074,-2.013249752840549
512,1.841842127241016,0.23557921198302792
513,-1.7972370683574719,-0.8227769757242184
514,-0.3121151095987471,-0.3223402744631499
515,-0.6352453984727827,-1.4740123704052457
516,-1.1902484331051046,-0.4164458617371989
517,-1.4817436752629138,-0.8868824840817301
518,1.4953453032165254,-0.03619131988987358
519,-0.742416202710134,0.960872198399806
520,0.035954890979725374,0.9537321998462063
521,-1.93590724355251,-0.4220191807903159
522,-0.42910715499353264,1.098114592037725
523,-0.058969260963793214,-0.7975331602804182
524,-0.2350993928871721,-0.21249513685031113
525,1.839037023734103,-0.33167890313907683
526,0.5398351997734332,0.7397094541494601
527,1.1710203004851967,1.2442249328404242
528,0.19408437413907265,0.5947631034993548
529,-1.0313044807188685,0.7763925079693056
530,0.3165402804035074,-1.138548934439424
531,0.25358143250179027,-1.5560326617490199
532,1.3173753385097562,-1.6495471296817479
533,-0.10948135509866287,-0.4496162685905423
534,-0.4523177301629175,0.9427660694696588
535,-1.2197600024383788,1.6581061615746002
536,0.024793823681870615,0.2619761651489345
537,-0.0849153300621594,-1.2795527108384062
538,-0.8513399800454117,0.2046994100706626
539,0.6341616480777607,-0.41743272678082943
540,-1.1690812032788658,0.03713832537936205
541,-0.3261168561305848,-0.005891038776019554
542,-1.329482927151255,0.9760622287076565
543,-0.7308255618445397,1.1596668488153279
544,-0.634849183717501,-0.39300065352617164
545,-0.4388090957302297,0.019054663809308016
546,1.0602606908975136,1.1398366211897921
547,0.24189384053564264,-0.1680328275722547
548,-0.84212164149608,-0.0674357911052907
549,-0.2870417011934949,0.3692069307968859
550,-0.2356638127758036,-1.1572762096981364
551,0.2212673082617386,-1.6367521523540527
552,-0.9377777386194323,1.6359166908703022
553,-0.7075233165204009,-1.4337423170789583
554,-1.731645302332176,-0.36013979570911153
555,-1.3838940658222336,-1.231057724168761
556,0.2120913954795162,-1.0598072927204731
557,0.03735911171473096,-2.2550643160973594
558,-0.12886568611483595,0.3500019880183579
559,-0.14585718203085202,-0.4580885378977313
560,-0.8078558458303824,0.4622469133581221
561,-0.9591621026998522,0.6255368802449478
562,2.3790770901366147,0.28384128806373027
563,-0.16703218471738868,-0.48935755436898737
564,0.3645594706041764,-0.1660161477323993
565,-1.406143624914946,0.38205918687567275
566,1.6158408427066766,0.32567509139606093
567,0.8108726207507233,-0.07007588222290247
568,0.45427541073587996,-2.325910167033538
569,-0.270728148754502,-1.8898839479749525
570,-0.2756196939230543,-1.9752160943943453
571,1.0506041255151324,-0.6961439150249696
572,-1.5674704820691536,0.5398670663030258
573,0.5562079209024426,-1.3505659313459986
574,0.08418179530298268,-0.5021890648668746
575,1.1033531227249045,-1.0937520631898803
576,-1.4909283687982418,-0.32120613934817516
577,-0.28230005194078306,1.8612717978154785
578,0.13981478790727522,-0.44215199736423355
579,2.3015409080874165,-0.10420804788991982
580,0.5627106853701334,-0.17166613354263066
581,-1.0003494158493504,0.36443481871559613
582,-1.6637478273792463,-0.6428495584245228
583,0.6785717428119705,0.13630740680957032
584,-0.16429142100008765,0.9914450284729969
585,-1.6270822278431516,-0.9167514288487094
586,0.2779175854560598,0.12741899588586708
587,-0.010850443438318431,-0.9620280387880196
588,-1.370794250785075,1.2770583270471534
589,-0.689654229471067,-0.8232542459443393
590,-0.23478212704434817,-0.6516879535403745
591,-0.17292152068578057,1.0224320843066381
592,1.1713309261245648,-0.7736792305127476
593,-0.736076790453927,-1.317176180388678
594,1.2088246449786557,1.4725805908895542
595,-0.0614350292554324,0.004925854088438023
596,1.2040194553475203,-1.266762357322262
597,0.1983397336770033,-0.16247104327801992
598,-0.7541201599073271,1.2294977284979032
599,-1.0095319684298596,-0.6015831307125356
600,-1.7276777207442502,0.7028188214130444
601,-0.5637678629269925,0.15427479059025104
602,0.5762475346204967,-0.18100148989648218
603,-1.3603542714372054,-0.26637107185008074
604,-0.491428468375873,-0.05107283569975653
605,0.3828292043682075,-1.2536810036861974
606,-0.6395590388418493,0.7149131880645982
607,0.23486248437004872,-1.7501343824530087
608,-0.3799632133891698,-0.3776906206283985
609,-0.0721388722675399,0.5599476232964438
610,-0.015954363057508456,-1.0098714878090334
611,1.6033334973476523,-1.3883158556423327
612,-0.12027057267820714,-1.3016696339539613
613,0.7371032656087838,-2.3333944568425697
614,-1.6867978061148265,-1.94414572843
615,-1.2806017998278445,-1.6880924830794095
616,-0.6362662876409008,0.30984635013916145
617,1.3768609750628078,-0.009466460824464621
618,2.1767875013432603,0.7836498466348132
619,-0.21114136196652786,1.0279462505470012
620,2.200782506336493,-0.6429038348845991
621,-2.0162262013583105,-0.06632137813065886
622,-2.4768007164785732,-1.1714167742664343
623,-0.936566057129246,-0.8089715991720304
624,-0.5158613825196897,-0.12459791771281273
625,0.8267844725868945,-0.8890076038707727
626,0.05088800883603081,-1.1131294130250227
627,-0.10946059270286658,-1.6377629794784367
628,1.4479581551602774,-0.879525801613318
629,0.9260521980445868,-1.6192359010380581
630,-0.6299374045358253,-1.8889420883420278
631,1.3286339945471874,1.1378908289552385
632,-1.244629967784201,2.4072093265991623
633,-1.6697033429024286,-0.7545079269471695
634,1.1670792502759895,-0.6978416574451943
635,0.03331520296400191,1.3480671406327704
636,-0.45349398558407805,0.7811493011591815
637,-0.0023081860901948102,-0.1499445974298333
638,2.1573636883103138,0.14209964834755068
639,-0.34089264209456577,0.6678184012787126
640,-0.67809726604984,0.5564074520024234
641,-1.8838899333001096,0.7026316049615
642,-2.0207043288396553,0.14195721024578586
643,1.2361997550507002,1.102667562654095
644,0.26267818188722203,0.41763304408823904
645,1.6858026535510504,0.27732685463075124
646,0.5255160459419593,-1.3278787966841221
647,-0.6654343465145954,-0.3782135226868148
648,-1.5948682047335565,0.4821346898974756
649,1.6303078974672338,-0.5812494225785665
650,-0.17362820364171905,-0.4693603014429706
651,1.0015662423084823,0.12394410501949915
652,0.5449408871133503,1.3573648161880387
653,0.48192927400236385,-0.043701159118943095
654,-0.7019114767028684,0.5701181188942117
655,-0.23434894679191523,0.3949409216073443
656,-1.0594067422388538,-0.6860405960946906
657,1.7491290110882687,-0.3395226167837173
658,0.40278985752145896,0.1438486417600513
659,0.76426510039883,-2.0085750787008987
660,-2.372384947514804,0.00623199479519436
661,0.6519380655976394,0.4737091307578226
662,0.33251331230748543,1.2144075122922022
663,0.9989970055670753,1.1588743575756812
664,-0.5605335030782057,-1.0766545694991863
665,0.6078268786697293,-0.3969874849614086
666,-0.5436455514917913,-0.6999443231008727
667,2.284157432703554,-1.9688184429387363
668,0.5587017310029084,-0.09229556466112887
669,2.1232144860802338,-0.9454190226389095
670,0.8160654208363671,-0.26549528267486006
671,-0.15027315439771632,0.5684035291811979
672,0.5619184784364921,-0.43609127591464836
673,-1.5156518233248903,0.6946129246962343
674,1.4397694713363494,0.06617427010399009
675,-1.0352408542685636,-0.8268068992782481
676,0.9506250249670787,0.09049047870946338
677,0.5626931593143595,-0.11416379729276234
678,-0.4766327645074054,1.666831966708986
679,0.7721296721016689,0.16506282010035647
680,1.1394899393599094,-0.30250277789731284
681,1.0191627387549962,1.6728393958239038
682,1.2261303418625058,-0.6414343463478233
683,-0.8293543258135583,1.7541350626479912
684,-0.7508418565690321,-0.2661476558785458
685,0.25003153347076174,0.6287835567773151
686,1.5073029412333263,-0.5789292500170131
687,-1.1413951221622387,0.24025705010425544
688,0.5113142171644989,0.8434792741708717
689,-1.358153734437967,-1.0087685096491095
690,0.6842515527615199,-0.9783314060264904
691,-0.08138485530952755,1.5421425510866777
692,-1.1977717991039514,-1.3606676855940523
693,-1.0947925560024956,-0.030914657496811493
694,-0.6463885052665608,0.225432242175337
695,-0.27298077971444545,-1.542543958498281
696,1.212402115634476,-0.5020541199447836
697,1.4524036479205862,-0.853166445581021
698,1.442856750171249,0.6660058446931453
699,-0.650473217983489,-1.8110039584075783
700,1.1471789155309131,0.6931122717204518
701,1.468199503075571,1.0313057127038032
702,0.2500565704896084,-0.9863823672201297
703,-0.8712739274027415,0.6759450584109997
704,-0.5608190975342662,-0.7181656905672867
705,0.043012428386766895,0.6427133794664278
706,1.1662187085581264,0.40085132599221207
707,1.2584768649623177,0.8953709466661279
708,1.9471280804858686,0.12677545139769592
709,-0.6131853139839168,0.6787064215086497
710,-1.4477160080185023,-0.823004519422779
711,-1.7342170917759363,-0.6844873175364438
712,-1.524947229640263,-0.4008607683854097
713,0.05265740464661707,1.1225148884733482
714,-0.6106704380095126,-0.8174847459036843
715,1.0760806023039509,-0.6828358383977546
716,0.737767793468072,-0.6948161481932943
717,0.3255521069755512,-1.1770769688336828
718,0.42232148246482876,0.6340665179671676
719,0.9347191635577183,0.6992877079820141
720,-0.26618993185361844,1.1474340004218402
721,0.22120217010589435,-0.5644353783726603
722,0.04950641265905777,0.16212763850869877
723,0.5113565979385919,2.2930222639684796
724,2.250597374545108,2.3077894022326433
725,-0.5418441625992855,-0.32952500488100045
726,2.4343783373117147,0.25270048596793787
727,-0.22283829493697302,0.41439803580930873
728,-1.1492152991829254,0.174084170393784
729,0.3952568301582802,-0.6177945757266055
730,0.15285411583239183,-1.6556577902326302
731,-0.1249323230789134,0.9881373876929629
732,0.7445606417368629,-0.2580247705447282
733,-1.2134558758649985,0.4782270383927467
734,0.8456211869441397,-0.9866887959438887
735,2.194885474205267,0.8641030807023807
736,-0.9350707322743518,1.47284751183005
737,0.526114638116305,-1.0037729033831648
738,0.22475492863155594,-0.9198127634508363
739,-1.7556426844413051,0.9442305232086976
740,1.2272137299738202,-1.5715423747428159
741,1.6486211141543075,-0.39185750198682007
742,1.365532108389932,0.10598010018049975
743,1.6777114977248737,1.2106988514115784
744,-1.1804829414487366,-0.6046833492115655
745,1.2387925767719563,-0.9435540821230346
746,0.8807312982001588,-0.5795490496259141
747,-1.6620116245014087,-1.6285309398397527
748,-0.6316169826375662,-0.5306977746143725
749,0.20938474637452364,1.4442279047664435
750,-0.39525731551529814,0.33982652070102276
751,0.12524099562682459,-0.6891866874243501
752,0.0023819066924128194,1.1712481804837604
753,0.069979649996453,1.839381937678335
754,-0.39268796659732713,1.151653219612168
755,-1.075283633159485,0.6050440578455846
756,0.23303996648900144,0.5519236048393706
757,1.0199262961643683,0.43964510035353044
758,-0.61457743673648,1.111001884455166
759,0.5445905756546402,0.11122760785365302
760,-0.351192118955153,-0.4249076709056009
761,2.108339402932102,-0.8950508267285285
762,0.07124677936333575,-0.2110594004660132
763,0.13486182751266806,-1.048415472173266
764,-0.42429850886849635,-1.1032941973175572
765,0.49045951026132584,-0.7831972698009008
766,0.5384775763921769,0.400175526838207
767,1.5848640695224046,0.6436624498684709
768,0.38844690715323926,1.8334632064872043
769,0.9689954322473171,0.2538346633149247
770,-0.4675790552965511,0.4597127672131882
771,0.2939829408364871,-0.7326999899559294
772,2.4400519902273405,-2.2602311364565377
773,-0.23844652639350222,0.46241199217451484
774,1.0118063077816655,-0.0983113697972101
775,1.7484186992590207,0.974085392123557
776,1.1941111351578546,-1.0299125111971856
777,-1.0240565771855714,-0.1811904639085749
778,0.354642004696056,-0.9335724188974055
779,-1.6184785705562124,-0.47785539599798865
780,-1.4390622757498273,-2.1443087809090864
781,1.4135139199691584,0.7818082386534618
782,-1.3663379740787223,-0.21070020960846977
783,-0.39342376149883357,0.6351360599018561
784,0.6278276650276738,1.702329515392323
785,0.9747958900117396,0.9555683407542339
786,-1.099940969122349,-0.7483632383729508
787,-0.4531852338756449,-0.37662905202029917
788,-0.573386873229696,-0.09713137037854003
789,1.281609180926444,-0.2930634373544015
790,0.44151028713585927,-1.0318978383003223
791,1.726438001947572,-1.0123870485432804
792,0.597878281783896,0.788201072117128
793,0.19096615664438873,-0.17744516501100838
794,0.14430040220198165,-1.2416370160824108
795,0.5366232607764664,-1.6245803192388637
796,-0.1255401856455749,1.3581131353350484
797,1.0125139731844608,-0.2862962687899953
798,-2.5474601324914405,-0.5262917060126837
799,0.22572995988081868,-1.5090291279591033
800,-1.6366088089828688,-0.41230246576404633
801,1.0564779087775276,-1.3945961461234462
802,-1.2583339230780082,-0.8381304593555376
803,0.06302749262344357,-0.8936046114529083
804,-1.0314241851401618,-0.2835622043225556
805,0.3139814995802863,-0.0926818565608759
806,-0.906570630248539,-1.033215514683862
807,-0.34809290678017185,0.5417927619867469
808,0.10439760592857773,-0.5673730285934984
809,-1.0265638124965837,0.7500073674525856
810,1.2926709401903127,1.1052156964345479
811,-0.5876571854770294,-0.13318887515408812
812,1.0085826025069904,0.7509900746278634
813,-0.10394059102996384,1.9890426726539852
814,0.282953086503106,-1.1929889208000555
815,-0.394899789743027,-0.5774470981849937
816,1.0368242719976326,0.3873986701075379
817,1.0045258144040088,1.596148096207029
818,-1.32824771429483,0.13263957456379755
819,-1.1914121460654925,-1.6058523878695088
820,0.4944813540915741,1.3099423533227177
821,0.42975690476135214,-0.9750071083659206
822,0.14962073914639554,0.3461499029230946
823,0.3483139959497326,1.9061460162268014
824,0.19242259327321143,1.365411052384138
825,0.740300823772094,-1.5061184769604288
826,0.14565091163371183,0.6924759659206136
827,-0.036018769912115896,0.6768531927146568
828,0.33597417039072996,-0.8019061678940989
829,-0.45723241105572143,0.5488257819351672
830,-0.6704422084007824,0.18264648811463063
831,-0.06934892249666956,-0.2335945356548963
832,0.5731544109239868,1.1473594695845308
833,-1.0044636103181057,0.36050891609093744
834,0.4886927272634647,-0.755162325661207
835,-0.22149662070726678,-0.6487289581219035
836,0.31611285413229795,-0.5328224302415518
837,0.34129818448289573,-0.7415305026810469
838,-0.5522873571912555,0.8860797807508711
839,0.2184596935679253,-0.02723831824658342
840,-0.6810840017303154,-1.339138489032122
841,0.4984240599798724,0.33516394728217563
842,1.1548301618777665,-0.7548013560052044
843,0.18134792133920655,0.18215007041639603
844,-0.33765003458417936,-0.39198130840151035
845,0.6666845987444368,-0.7539129168872784
846,0.10372686386509763,0.23121059235256683
847,-0.12090302684803081,-0.4963277668287436
848,-1.508361389949443,0.40033459328965504
849,-1.0361895497746407,1.1809317185278443
850,1.4918407346243165,0.8531316694013928
851,-0.29246755740486874,0.6093041693612589
852,-0.08843520949687618,0.4902663953081492
853,0.35224679749652077,-0.1708387616868299
854,-1.2079189430511912,1.7992861579597852
855,0.9636401444387556,-1.4947174058499433
856,0.019362965082716753,-0.6713312692281911
857,0.4823509874773565,1.2008321924232828
858,0.9210192848558708,-0.2612037099911926
859,0.4668522642534125,1.3955841759002265
860,0.3098378598491958,-0.28538454334959096
861,0.6873663320454806,-0.07039958891992631
862,-0.4951750834255594,1.334854117649541
863,-0.314691835144515,1.2115685570168964
864,-1.4922889050514292,-0.8390409021374978
865,0.6080279710773193,-0.055727515260832236
866,-0.30956175068384073,1.4955514503060945
867,-0.5051559438554246,1.181604350290757
868,-1.09576023234757,-0.2989895971851695
869,-0.2208555669304152,0.02726959069732467
870,0.20650562666092476,-1.0690117159153136
871,0.2789521186345957,-0.6113518547300489
872,-0.6404655265965467,-0.20849256528755303
873,0.7601026406312396,-0.4138064811649689
874,0.9776047003746731,-1.5519799907045098
875,-2.2188153839353455,0.19204374803026592
876,-0.8036216407625011,0.8643978569219615
877,-0.6579157186675976,0.5726875093511871
878,-1.4660997470407655,0.11443454760980108
879,0.35051213308978235,-1.574794656678841
880,2.14824856942374,-1.0231088460595268
881,0.7800755930009394,-0.4086577068981861
882,0.3159106284669286,0.27590644325421676
883,-0.40982270241440416,1.107346988470939
884,-1.3275963242390443,-0.6571161112818804
885,-1.0228457463290475,-0.6263095778533824
886,-0.20679452195329548,-1.1915392627534753
887,1.1832852746710887,0.7706204557809458
888,0.7398501349633773,0.19082270308974206
889,1.0074528315002278,0.9218725033984605
890,-0.5856736888952837,0.3187126555064969
891,-1.1776437080157534,0.184484600449442
892,0.5538743815073734,1.6254790844300515
893,-0.3769821489013378,0.25613793393624323
894,0.9579097127218459,-1.1567393967742678
895,-0.5271443635843256,-0.8578148849112611
896,1.3018152436746135,0.1030556192203564
897,0.6192949638287192,1.655650489049938
898,0.6767647144857549,-2.410645904550965
899,-1.0099578349332505,0.9558823587079107
900,-0.9008625078927839,-0.6487553065247379
901,1.5420967371829164,-2.1602703617871017
902,-0.22398169856642694,-0.9978009278720442
903,0.18019147299159904,0.8930818731551615
904,-0.14563688194047425,0.355232977435527
905,1.5150553509875446,1.0610380131048116
906,0.5935001170679899,-0.3710939825788685
907,0.5116377267198211,-0.4893055507433874
908,-0.2683205397061514,-0.183657313430811
909,0.7454784362666225,1.843199200550903
910,-0.4265500189638986,-0.10465592940720994
911,1.1531638530892485,0.8393064928383069
912,-1.621246693623284,-0.8258049850506949
913,-0.37868442347916204,0.5775582051940028
914,0.4491779540182172,-1.2211352917563618
915,2.1403454566856386,0.7873215255339652
916,1.4413959380618957,-0.19526985135510402
917,-0.9826861753882091,-1.4143056749886675
918,-1.192643870762153,0.5534357983840816
919,0.8953607076132427,0.02282623959973451
920,1.5798701939868707,0.5270982967592169
921,0.5008327054397937,-0.2738359796280983
922,-0.5005461459018365,-0.24897448882292886
923,-0.8946423568181148,-0.7337573102084478
924,1.2076997264567777,-0.06487108527378938
925,1.0974709413297061,-0.8534530106244396
926,-1.725700290735242,-1.2366808021228684
927,0.7414485605666171,-0.10310423009028113
928,0.1746853901063626,-0.5866650421996488
929,0.7293850366695023,1.0687046510815654
930,-0.5117723401348009,-1.1126646755504739
931,1.7372740496685528,-0.20816266580962497
932,1.3120628513044224,-1.39093758134832
933,-0.017827489232125963,0.03559509292149621
934,2.5064959503116557,0.5007224721597519
935,1.3696527354140788,-1.3775585949549005
936,-0.8243279379301791,-0.9738614786245935
937,-0.857728640055139,-1.2177294792685898
938,-1.0881320545485078,-1.1174923579067617
939,-2.234855787859134,-1.8781566537870653
940,-0.6809580389274997,-0.13937009443589904
941,-0.9355670957088964,-0.7650760292554784
942,1.5038621586213134,1.8586667145806084
943,1.2199146845192022,-0.8365352342130967
944,-1.8444771559075503,-0.06320301901302552
945,0.01867269478379615,-0.8551081449238216
946,-2.103251832957969,-0.11422096160279792
947,-1.7504436239401908,-0.3819909228220967
948,1.037023169525213,-0.5343679263364222
949,0.43994881169262073,-0.9540761963877323
950,-0.6875268135169611,0.6468645516583027
951,-0.11451669493856059,0.651749879828969
952,-0.986451601186679,-0.3614942869679782
953,-0.8775605787829568,-0.4380323696441228
954,0.26733349150426955,1.406338180720772
955,0.15632032301613255,-1.2128919973085077
956,-0.5688563510003739,-0.696250237346528
957,-0.64643175226747,-2.0442418596994187
958,1.3917405132387557,-1.045938545278272
959,-0.15605292319587494,-0.16826223000586787
960,-0.8252842566807533,-1.2831144567675155
961,-1.7642129347680833,-2.0262811601151234
962,3.361601507903457,-1.9458475182676043
963,-0.0413668725221795,0.30140372336217514
964,-0.1683812066624443,1.4076465798701034
965,-0.9934263556578572,-1.3450465888739758
966,0.27631374594577524,0.0001744660284642582
967,-0.818926887749066,-0.5809316834936042
968,1.1138918186412925,-0.613658832158603
969,-1.186782648124634,0.3168592037940376
970,-0.5072225090523816,-0.14913715519299262
971,-0.1865376658114231,-0.1652291385755489
972,1.5692964628577022,-0.5788062861278432
973,-0.33157689461443995,0.2662923149657411
974,-0.3177264829263654,0.48851512876711733
975,-0.8661076453410511,-2.3303082046263155
976,1.107354932755662,-0.5542933118824248
977,2.037108855388927,0.46107844766047595
978,-0.029331059769532448,-0.8402565039944163
979,1.7164249779859584,0.8960557262923875
980,0.5432938449212859,0.8953846748235051
981,-0.5685908906250826,1.7903224431657032
982,-0.634202069777436,-1.8454753605801695
983,-1.1637979154529168,1.3769938333403022
984,-1.2969556949246681,-0.16996621583742608
985,0.5733281587747316,-1.5156591009763818
986,0.6000465588951779,0.8462424992605019
987,1.241099084901876,1.2500495800511595
988,-0.23578572102178225,-0.06913409595905626
989,0.5109822740568474,-0.5533713367383591
990,-0.5302759087586456,1.2784771647412574
991,1.2313450385260984,0.7311298856614429
992,-0.27630124356995633,1.482178295737607
993,-1.4416234650925817,-0.6504614794804
994,0.3915404771681105,0.1127436535478388
995,-0.30430787924022923,0.20766446344072872
996,0.5670846330662438,-0.41972653826145145
997,-0.828147442884881,-0.5299886468401173
998,0.4418648040881459,1.0527129399261657
999,0.23105669384159,-2.334100546812539
